stock_id,category_id,tax_type_id,description,long_description,units,mb_flag,sales_account,cogs_account,inventory_account,adjustment_account,wip_account,dimension_id,dimension2_id,purchase_cost,material_cost,labour_cost,overhead_cost,inactive,no_sale,no_purchase,editable,depreciation_method,depreciation_rate,depreciation_factor,depreciation_start,depreciation_date,fa_class_id
Accountancy,1,1,Accountancy,Accountancy,,B,4010,5010,1510,5040,1530,0,0,0,0,0,0,0,0,0,0,S,0,1,10/27/2020,10/27/2020,
HFBC001,1,1,Bank Charges,,,B,4010,5010,1510,5040,1530,0,0,0,0,0,0,0,0,0,0,S,0,1,10/27/2020,10/27/2020,
HFCH01,1,1,EABCL Vital 350 SC-1Litre,EABCL Vital 350 SC-1Litre,,B,4010,5010,1510,5040,1530,0,0,27,0,0,0,0,0,0,0,S,0,1,10/27/2020,10/27/2020,
HFCH02,1,1,Afribat 69WP 10Kg,Afribat 69WP 10Kg,,B,4010,5010,1510,5040,1530,0,0,12.5,0,0,0,0,0,0,0,S,0,1,10/27/2020,10/27/2020,
HFCH03,1,1,Agromax 720WP 1kg,Agromax 720WP 1kg,,B,4010,5010,1510,5040,1530,0,0,11,0,0,0,0,0,0,0,S,0,1,10/27/2020,10/27/2020,
HFCH04,1,1,Amino Gold 20Ltr,Amino Gold 20Ltr,,B,4010,5010,1510,5040,1530,0,0,280,0,0,0,0,0,0,0,S,0,1,10/27/2020,10/27/2020,
HFCH05,1,1,Agrigrow Highmax 24-24-18 5ltrs,Agrigrow Highmax 24-24-18 5ltrs,,B,4010,5010,1510,5040,1530,0,0,8,0,0,0,0,0,0,0,S,0,1,10/27/2020,10/27/2020,
HFCH06,1,1,Aligator 1 L,Aligator 1 L,,B,4010,5010,1510,5040,1530,0,0,28,0,0,0,0,0,0,0,S,0,1,10/27/2020,10/27/2020,
HFCH07,1,1,Calmag 25 ltrs,Calmag 25 ltrs,,B,4010,5010,1510,5040,1530,0,0,6.5,0,0,0,0,0,0,0,S,0,1,10/27/2020,10/27/2020,
HFCH08,1,1,ARIMA 30SC 1LT PACK,ARIMA 30SC 1LT PACK,,B,4010,5010,1510,5040,1530,0,0,155,0,0,0,0,0,0,0,S,0,1,10/27/2020,10/27/2020,
HFCH09,1,1,IMPULSE,IMPULSE,,B,4010,5010,1510,5040,1530,0,0,64,0,0,0,0,0,0,0,S,0,1,10/27/2020,10/27/2020,
HFCH10,1,1,Chorus 1Kg,Chorus 1Kg,,B,4010,5010,1510,5040,1530,0,0,55,0,0,0,0,0,0,0,S,0,1,10/27/2020,10/27/2020,
HFCH11,1,1,SOLVIT 175 EW 1LT PACK,SOLVIT 175 EW 1LT PACK,,B,4010,5010,1510,5040,1530,0,0,70,0,0,0,0,0,0,0,S,0,1,10/27/2020,10/27/2020,
HFCH12,1,1,Climate 1Ltr,Climate 1Ltr,,B,4010,5010,1510,5040,1530,0,0,45,0,0,0,0,0,0,0,S,0,1,10/27/2020,10/27/2020,
HFCH13,1,1,Delegate,Delegate,,B,4010,5010,1510,5040,1530,0,0,438,0,0,0,0,0,0,0,S,0,1,10/27/2020,10/27/2020,
HFCH14,1,1,Dipnoy 60VER2 Rose Dipping,Dipnoy 60VER2 Rose Dipping,,B,4010,5010,1510,5040,1530,0,0,115,0,0,0,0,0,0,0,S,0,1,10/27/2020,10/27/2020,
HFCH15,1,1,Dolphin 260WDG,Dolphin 260WDG,,B,4010,5010,1510,5040,1530,0,0,35,0,0,0,0,0,0,0,S,0,1,10/27/2020,10/27/2020,
HFCH16,1,1,Drench 20 Litres,Drench 20 Litres,,B,4010,5010,1510,5040,1530,0,0,11,0,0,0,0,0,0,0,S,0,1,10/27/2020,10/27/2020,
HFCH17,1,1,Evade 80 Wp:5kg,Evade 80 Wp:5kg,,B,4010,5010,1510,5040,1530,0,0,4.5,0,0,0,0,0,0,0,S,0,1,10/27/2020,10/27/2020,
HFCH18,1,1,EVIK 500SP,EVIK 500SP,,B,4010,5010,1510,5040,1530,0,0,48,0,0,0,0,0,0,0,S,0,1,10/27/2020,10/27/2020,
HFCH19,1,1,Fortune Aza 1L,Fortune Aza 1L,,B,4010,5010,1510,5040,1530,0,0,19,0,0,0,0,0,0,0,S,0,1,10/27/2020,10/27/2020,
HFCH20,1,1,Borax,Borax,,B,4010,5010,1510,5040,1530,0,0,1.1,0,0,0,0,0,0,0,S,0,1,10/27/2020,10/27/2020,
HFCH21,1,1,Ferroactive 6% Iron,Ferroactive 6% Iron,,B,4010,5010,1510,5040,1530,0,0,6.25,0,0,0,0,0,0,0,S,0,1,10/27/2020,10/27/2020,
HFCH22,1,1,Flonex 15 SC 1LT,Flonex 15 SC 1LT,,B,4010,5010,1510,5040,1530,0,0,75,0,0,0,0,0,0,0,S,0,1,10/27/2020,10/27/2020,
HFCH23,1,1,Fonium 1Kg,Fonium 1Kg,,B,4010,5010,1510,5040,1530,0,0,8.5,0,0,0,0,0,0,0,S,0,1,10/27/2020,10/27/2020,
HFCH24,1,1,Splendid,Splendid,,B,4010,5010,1510,5040,1530,0,0,0,0,0,0,0,0,0,0,S,0,1,10/27/2020,10/27/2020,
HFCH25,1,1,Hinder 1KG,Hinder 1KG,,B,4010,5010,1510,5040,1530,0,0,39,0,0,0,0,0,0,0,S,0,1,10/27/2020,10/27/2020,
HFCH26,1,1,Ignite Acumin 25Ltr,Ignite Acumin 25Ltr,,B,4010,5010,1510,5040,1530,0,0,5.5,0,0,0,0,0,0,0,S,0,1,10/27/2020,10/27/2020,
HFCH27,1,1,Ippon 500 SC,Ippon 500 SC,,B,4010,5010,1510,5040,1530,0,0,25,0,0,0,0,0,0,0,S,0,1,10/27/2020,10/27/2020,
HFCH28,1,1,Knockout 1Ltr,Knockout 1Ltr,,B,4010,5010,1510,5040,1530,0,0,27,0,0,0,0,0,0,0,S,0,1,10/27/2020,10/27/2020,
HFCH29,1,1,Manco Flo 5ltr,Manco Flo 5ltr,,B,4010,5010,1510,5040,1530,0,0,8,0,0,0,0,0,0,0,S,0,1,10/27/2020,10/27/2020,
HFCH30,1,1,Matco 2.5kg,Matco 2.5kg,,B,4010,5010,1510,5040,1530,0,0,10,0,0,0,0,0,0,0,S,0,1,10/27/2020,10/27/2020,
HFCH31,1,1,Matric 50SC 1lt,Matric 50SC 1lt,,B,4010,5010,1510,5040,1530,0,0,40,0,0,0,0,0,0,0,S,0,1,10/27/2020,10/27/2020,
HFCH32,1,1,Meltatox 385 EC,Meltatox 385 EC,,B,4010,5010,1510,5040,1530,0,0,30,0,0,0,0,0,0,0,S,0,1,10/27/2020,10/27/2020,
HFCH33,1,1,Merit 1 Litre,Merit 1 Litre,,B,4010,5010,1510,5040,1530,0,0,80,0,0,0,0,0,0,0,S,0,1,10/27/2020,10/27/2020,
HFCH34,1,1,MITEKING 1LTR,MITEKING 1LTR,,B,4010,5010,1510,5040,1530,0,0,16,0,0,0,0,0,0,0,S,0,1,10/27/2020,10/27/2020,
HFCH35,1,1,Microthiole,Microthiole,,B,4010,5010,1510,5040,1530,0,0,2.5,0,0,0,0,0,0,0,S,0,1,10/27/2020,10/27/2020,
HFCH36,1,1,Mix Drip Combi 5 Ltr,Mix Drip Combi 5 Ltr,,B,4010,5010,1510,5040,1530,0,0,0,0,0,0,0,0,0,0,S,0,1,10/27/2020,10/27/2020,
HFCH37,1,1,Mortar 22 Wp,Mortar 22 Wp,,B,4010,5010,1510,5040,1530,0,0,14,0,0,0,0,0,0,0,S,0,1,10/27/2020,10/27/2020,
HFCH38,1,1,Mite Sweep 1Ltr,Mite Sweep 1Ltr,,B,4010,5010,1510,5040,1530,0,0,23,0,0,0,0,0,0,0,S,0,1,10/27/2020,10/27/2020,
HFCH39,1,1,Nimbecidine 5Lts,Nimbecidine 5Lts,,B,4010,5010,1510,5040,1530,0,0,10,0,0,0,0,0,0,0,S,0,1,10/27/2020,10/27/2020,
HFCH40,1,1,Nimrod,Nimrod 1Litre,,B,4010,5010,1510,5040,1530,0,0,25,0,0,0,0,0,0,0,S,0,1,10/27/2020,10/27/2020,
HFCH41,1,1,Oshothane Plus WDg 5Kg,Oshothane Plus WDg 5Kg,,B,4010,5010,1510,5040,1530,0,0,27.5,0,0,0,0,0,0,0,S,0,1,10/27/2020,10/27/2020,
HFCH42,1,1,Piranah 200SC,Piranah 200SC,,B,4010,5010,1510,5040,1530,0,0,40,0,0,0,0,0,0,0,S,0,1,10/27/2020,10/27/2020,
HFCH43,1,1,IProde 500SC 1Lt,IProde 500SC 1Lt,,B,4010,5010,1510,5040,1530,0,0,22,0,0,0,0,0,0,0,S,0,1,10/27/2020,10/27/2020,
HFCH44,1,1,PYRIMEC 1KG,PYRIMEC 1KG,,B,4010,5010,1510,5040,1530,0,0,21,0,0,0,0,0,0,0,S,0,1,10/27/2020,10/27/2020,
HFCH45,1,1,Revus 1Lts,Revus 1Lts,,B,4010,5010,1510,5040,1530,0,0,75,0,0,0,0,0,0,0,S,0,1,10/27/2020,10/27/2020,
HFCH46,1,1,Ringo,Ringo,,B,4010,5010,1510,5040,1530,0,0,80,0,0,0,0,0,0,0,S,0,1,10/27/2020,10/27/2020,
HFCH47,1,1,Rova 1ltr,Rova 1ltr,,B,4010,5010,1510,5040,1530,0,0,10.5,0,0,0,0,0,0,0,S,0,1,10/27/2020,10/27/2020,
HFCH48,1,1,Rova 75 WP Kg,Rova 75 WP Kg,,B,4010,5010,1510,5040,1530,0,0,10.5,0,0,0,0,0,0,0,S,0,1,10/27/2020,10/27/2020,
HFCH49,1,1,Spirox,Spirox,,B,4010,5010,1510,5040,1530,0,0,55,0,0,0,0,0,0,0,S,0,1,10/27/2020,10/27/2020,
HFCH50,1,1,Splendor 500EC 1Ltr,Splendor 500EC 1Ltr,,B,4010,5010,1510,5040,1530,0,0,40,0,0,0,0,0,0,0,S,0,1,10/27/2020,10/27/2020,
HFCH51,1,1,Strobine Extra 1Lt,Strobine Extra 1Lt,,B,4010,5010,1510,5040,1530,0,0,85,0,0,0,0,0,0,0,S,0,1,10/27/2020,10/27/2020,
HFCH52,1,1,Sulfolac 80% WG -25Kg,Sulfolac 80% WG -25Kg,,B,4010,5010,1510,5040,1530,0,0,2.7,0,0,0,0,0,0,0,S,0,1,10/27/2020,10/27/2020,
HFCH53,1,1,Sword,Sword,,B,4010,5010,1510,5040,1530,0,0,45,0,0,0,0,0,0,0,S,0,1,10/27/2020,10/27/2020,
HFCH54,1,1,Tog 10-10Ltr,Tog 10-10Ltr,,B,4010,5010,1510,5040,1530,0,0,7.5,0,0,0,0,0,0,0,S,0,1,10/27/2020,10/27/2020,
HFCH55,1,1,Tog 6,Tog 6,,B,4010,5010,1510,5040,1530,0,0,10,0,0,0,0,0,0,0,S,0,1,10/27/2020,10/27/2020,
HFCH56,1,1,Zodiac 50 WDG 1Kg,Zodiac 50 WDG 1Kg,,B,4010,5010,1510,5040,1530,0,0,42,0,0,0,0,0,0,0,S,0,1,10/27/2020,10/27/2020,
HFCH57,1,1,Tyfos 20L,Tyfos 20L,,B,4010,5010,1510,5040,1530,0,0,11,0,0,0,0,0,0,0,S,0,1,10/27/2020,10/27/2020,
HFCH58,1,1,AGRILAX 1KG,AGRILAX 1KG,,B,4010,5010,1510,5040,1530,0,0,9.5,0,0,0,0,0,0,0,S,0,1,10/27/2020,10/27/2020,
HFCH59,1,1,Monument 400EC 1Lt,Monument 400EC 1Lt,,B,4010,5010,1510,5040,1530,0,0,28,0,0,0,0,0,0,0,S,0,1,10/27/2020,10/27/2020,
HFCH60,1,1,Plantoc 1Ltr,Plantoc 1Ltr,,B,4010,5010,1510,5040,1530,0,0,10,0,0,0,0,0,0,0,S,0,1,10/27/2020,10/27/2020,
HFCH61,1,1,Switch 62.5 WG,Switch 62.5 WG,,B,4010,5010,1510,5040,1530,0,0,94,0,0,0,0,0,0,0,S,0,1,10/27/2020,10/27/2020,
HFCH62,1,1,Lotus 75 %,Lotus 75 %,,B,4010,5010,1510,5040,1530,0,0,12,0,0,0,0,0,0,0,S,0,1,10/27/2020,10/27/2020,
HFCH63,1,1,Sustain,Sustain,,B,4010,5010,1510,5040,1530,0,0,14,0,0,0,0,0,0,0,S,0,1,10/27/2020,10/27/2020,
HFCH64,1,1,Cliff 10 SE,Cliff 10 SE,,B,4010,5010,1510,5040,1530,0,0,18,0,0,0,0,0,0,0,S,0,1,10/27/2020,10/27/2020,
HFCH65,1,1,Camel Plus,Camel Plus,,B,4010,5010,1510,5040,1530,0,0,35,0,0,0,0,0,0,0,S,0,1,10/27/2020,10/27/2020,
HFCH66,1,1,Proffesor-K,Proffesor-K,,B,4010,5010,1510,5040,1530,0,0,11,0,0,0,0,0,0,0,S,0,1,10/27/2020,10/27/2020,
HFCH67,1,1,Biomin F,Biomin F,,B,4010,5010,1510,5040,1530,0,0,18,0,0,0,0,0,0,0,S,0,1,10/27/2020,10/27/2020,
HFCH68,1,1,Afifen 10.8 % EG,Afifen 10.8 % EG,,B,4010,5010,1510,5040,1530,0,0,34,0,0,0,0,0,0,0,S,0,1,10/27/2020,10/27/2020,
HFCH69,1,1,Mastercop 60 SC,Mastercop 60 SC,,B,4010,5010,1510,5040,1530,0,0,25,0,0,0,0,0,0,0,S,0,1,10/27/2020,10/27/2020,
HFCH70,1,1,Super U Trichoderma,Super U Trichoderma,,B,4010,5010,1510,5040,1530,0,0,0,0,0,0,0,0,0,0,S,0,1,10/27/2020,10/27/2020,
HFCH71,1,1,Avengelus Super C,Avengelus Super C,,B,4010,5010,1510,5040,1530,0,0,0,0,0,0,0,0,0,0,S,0,1,10/27/2020,10/27/2020,
HFCH72,1,1,Avengelus Basic,Avengelus Basic,,B,4010,5010,1510,5040,1530,0,0,0,0,0,0,0,0,0,0,S,0,1,10/27/2020,10/27/2020,
HFCH73,1,1,Prominent,Prominent,,B,4010,5010,1510,5040,1530,0,0,10,0,0,0,0,0,0,0,S,0,1,10/27/2020,10/27/2020,
HFCH74,1,1,Boron,Boron,,B,4010,5010,1510,5040,1530,0,0,2.3,0,0,0,0,0,0,0,S,0,1,10/27/2020,10/27/2020,
HFCH75,1,1,Hicure,Hicure,,B,4010,5010,1510,5040,1530,0,0,28,0,0,0,0,0,0,0,S,0,1,10/27/2020,10/27/2020,
HFCH76,1,1,Contest,Contest,,B,4010,5010,1510,5040,1530,0,0,65,0,0,0,0,0,0,0,S,0,1,10/27/2020,10/27/2020,
HFCH77,1,1,Myriad,Myriad,,B,4010,5010,1510,5040,1530,0,0,14,0,0,0,0,0,0,0,S,0,1,10/27/2020,10/27/2020,
HFCH78,1,1,Reason,Reason,,B,4010,5010,1510,5040,1530,0,0,9.5,0,0,0,0,0,0,0,S,0,1,10/27/2020,10/27/2020,
HFFA01,1,1,Lamination Machine A4,Lamination Machine,,B,4010,5010,1510,5040,1530,0,0,8910,0,0,0,0,0,0,0,S,0,1,10/27/2020,10/27/2020,
HFFA02,1,1,Lamination Pouch A4,Lamination Pouch A4,,B,4010,5010,1510,5040,1530,0,0,930,0,0,0,0,0,0,0,S,0,1,10/27/2020,10/27/2020,
HFFE001,1,1,Souvenir 25kg,Souvenir 25kg,,B,4010,5010,1510,5040,1530,0,0,62.5,0,0,0,0,0,0,0,S,0,1,10/27/2020,10/27/2020,
HFFE002,1,1,Neptune Onion Seed,Neptune Onion Seed,,B,4010,5010,1510,5040,1530,0,0,20500,0,0,0,0,0,0,0,S,0,1,10/27/2020,10/27/2020,
HFFE003,1,1,Citric Acid,Citric Acid,,B,4010,5010,1510,5040,1530,0,0,1.5,0,0,0,0,0,0,0,S,0,1,10/27/2020,10/27/2020,
HFFE004,1,1,Sulphuruc Acid,Sulphuruc Acid,,B,4010,5010,1510,5040,1530,0,0,0.36,0,0,0,0,0,0,0,S,0,1,10/27/2020,10/27/2020,
HFFE005,1,1,Oligo Nila Premium 25Kg,Oligo Nila Premium 25Kg,,B,4010,5010,1510,5040,1530,0,0,162.5,0,0,0,0,0,0,0,S,0,1,10/27/2020,10/27/2020,
HFFE006,1,1,MKP,MKP,,B,4010,5010,1510,5040,1530,0,0,0,0,0,0,0,0,0,0,S,0,1,10/27/2020,10/27/2020,
HFFE007,1,1,MKP China,MKP China,,B,4010,5010,1510,5040,1530,0,0,1.4,0,0,0,0,0,0,0,S,0,1,10/27/2020,10/27/2020,
HFFE008,1,1,Aluminium Sulphate,Aluminium Sulphate,,B,4010,5010,1510,5040,1530,0,0,0.38,0,0,0,0,0,0,0,S,0,1,10/27/2020,10/27/2020,
HFFE009,1,1,Sulphur Gold 25Kg,Sulphur Gold 25Kg,,B,4010,5010,1510,5040,1530,0,0,62.5,0,0,0,0,0,0,0,S,0,1,10/27/2020,10/27/2020,
HFFE010,1,1,Calcium Nitrate,Calcium Nitrate,,B,4010,5010,1510,5040,1530,0,0,0.4,0,0,0,0,0,0,0,S,0,1,10/27/2020,10/27/2020,
HFFE011,1,1,Copper Sulphate Granules,Copper Sulphate Granules,,B,4010,5010,1510,5040,1530,0,0,3.5,0,0,0,0,0,0,0,S,0,1,10/27/2020,10/27/2020,
HFFE012,1,1,Manganese Sulphate,Manganese Sulphate,,B,4010,5010,1510,5040,1530,0,0,1.15,0,0,0,0,0,0,0,S,0,1,10/27/2020,10/27/2020,
HFFE013,1,1,Zinc Sulphate,Zinc Sulphate,,B,4010,5010,1510,5040,1530,0,0,6.61,0,0,0,0,0,0,0,S,0,1,10/27/2020,10/27/2020,
HFFE014,1,1,Magnesium Sulphate,Magnesium Sulphate,,B,4010,5010,1510,5040,1530,0,0,0.25,0,0,0,0,0,0,0,S,0,1,10/27/2020,10/27/2020,
HFFE015,1,1,Mon Potassium Phospphate,Mon Potassium Phospphate,,B,4010,5010,1510,5040,1530,0,0,1.4,0,0,0,0,0,0,0,S,0,1,10/27/2020,10/27/2020,
HFFE016,1,1,Mono Ammonium Phosphate,Mono Ammonium Phosphate,,B,4010,5010,1510,5040,1530,0,0,0.87,0,0,0,0,0,0,0,S,0,1,10/27/2020,10/27/2020,
HFFE017,1,1,NPK 0-52-34 M K P 25Kgs,NPK 0-52-34 M K P 25Kgs,,B,4010,5010,1510,5040,1530,0,0,1.55,0,0,0,0,0,0,0,S,0,1,10/27/2020,10/27/2020,
HFFE018,1,1,Potassium Nitrate 25Kg,Potassium Nitrate 25Kg,,B,4010,5010,1510,5040,1530,0,0,0.92,0,0,0,0,0,0,0,S,0,1,10/27/2020,10/27/2020,
HFFE019,1,1,CropNutrient Silicon Foliar Fertilizer 500Ml,CropNutrient Silicon Foliar Fertilizer 500Ml,,B,4010,5010,1510,5040,1530,0,0,400,0,0,0,0,0,0,0,S,0,1,10/27/2020,10/27/2020,
HFFE020,1,1,EACBL Trufert Humi,Trufert Humi,,B,4010,5010,1510,5040,1530,0,0,0,0,0,0,0,0,0,0,S,0,1,10/27/2020,10/27/2020,
HFFL01,1,1,"Athena,42cm,0 Boxes,0 Stems Per Box","Athena,42cm,0 Boxes,0 Stems Per Box",,B,4010,5010,1510,5040,1530,0,0,0,0,0,0,0,0,0,0,S,0,1,10/27/2020,10/27/2020,
HFFL02,1,1,"Athena,52cm,0 Boxes,0 Stems Per Box","Athena,52cm,0 Boxes,0 Stems Per Box",,B,4010,5010,1510,5040,1530,0,0,0,0,0,0,0,0,0,0,S,0,1,10/27/2020,10/27/2020,
HFFL04,1,1,"Athena,72cm,0 Boxes,0 Stems Per Box","Athena,72cm,0 Boxes,0 Stems Per Box",,B,4010,5010,1510,5040,1530,0,0,0,0,0,0,0,0,0,0,S,0,1,10/27/2020,10/27/2020,
HFFL05,1,1,"Bellerose,42cm,0 Boxes,0 Stems Per Box","Bellerose,42cm,0 Boxes,0 Stems Per Box",,B,4010,5010,1510,5040,1530,0,0,0,0,0,0,0,0,0,0,S,0,1,10/27/2020,10/27/2020,
HFFL06,1,1,"Bellerose,52cm,0 Boxes,0 Stems Per Box","Bellerose,52cm,0 Boxes,0 Stems Per Box",,B,4010,5010,1510,5040,1530,0,0,0,0,0,0,0,0,0,0,S,0,1,10/27/2020,10/27/2020,
HFFL10,1,1,"Carise,52cm,0 Boxes,0 Stems Per Box","Carise,52cm,0 Boxes,0 Stems Per Box",,B,4010,5010,1510,5040,1530,0,0,0,0,0,0,0,0,0,0,S,0,1,10/27/2020,10/27/2020,
HFFL101,1,1,"Top Gear,42cm,0 Boxes,0 Stems Per Box","Top Gear,42cm,0 Boxes,0 Stems Per Box",,B,4010,5010,1510,5040,1530,0,0,0,0,0,0,0,0,0,0,S,0,1,10/27/2020,10/27/2020,
HFFL102,1,1,"Top Gear,52cm,0 Boxes,0 Stems Per Box","Top Gear,52cm,0 Boxes,0 Stems Per Box",,B,4010,5010,1510,5040,1530,0,0,0,0,0,0,0,0,0,0,S,0,1,10/27/2020,10/27/2020,
HFFL17,1,1,"Copa Cabana,42cm,0 Boxes,0 Stems Per Box","Copa Cabana,42cm,0 Boxes,0 Stems Per Box",,B,4010,5010,1510,5040,1530,0,0,0,0,0,0,0,0,0,0,S,0,1,10/27/2020,10/27/2020,
HFFL18,1,1,"Copa Cabana,52cm,0 Boxes,0 Stems Per Box","Copa Cabana,52cm,0 Boxes,0 Stems Per Box",,B,4010,5010,1510,5040,1530,0,0,0,0,0,0,0,0,0,0,S,0,1,10/27/2020,10/27/2020,
HFFL21,1,1,"Event,42cm,0 Boxes,0 Stems Per Box","Event,42cm,0 Boxes,0 Stems Per Box",,B,4010,5010,1510,5040,1530,0,0,0,0,0,0,0,0,0,0,S,0,1,10/27/2020,10/27/2020,
HFFL30,1,1,"High & Magic,52cm,0 Boxes,0 Stems Per Box","High & Magic,52cm,0 Boxes,0 Stems Per Box",,B,4010,5010,1510,5040,1530,0,0,0,0,0,0,0,0,0,0,S,0,1,10/27/2020,10/27/2020,
HFFL38,1,1,"Jumilla,52cm,0 Boxes,0 Stems Per Box","Jumilla,52cm,0 Boxes,0 Stems Per Box",,B,4010,5010,1510,5040,1530,0,0,0,0,0,0,0,0,0,0,S,0,1,10/27/2020,10/27/2020,
HFFL42,1,1,"Kingsday,52cm,0 Boxes,0 Stems Per Box","Kingsday,52cm,0 Boxes,0 Stems Per Box",,B,4010,5010,1510,5040,1530,0,0,0,0,0,0,0,0,0,0,S,0,1,10/27/2020,10/27/2020,
HFFL45,1,1,"Labelle,42cm,0 Boxes,0 Stems Per Box","Labelle,42cm,0 Boxes,0 Stems Per Box",,B,4010,5010,1510,5040,1530,0,0,0,0,0,0,0,0,0,0,S,0,1,10/27/2020,10/27/2020,
HFFL46,1,1,"Labelle,52cm,0 Boxes,0 Stems Per Box","Labelle,52cm,0 Boxes,0 Stems Per Box",,B,4010,5010,1510,5040,1530,0,0,0,0,0,0,0,0,0,0,S,0,1,10/27/2020,10/27/2020,
HFFL49,1,1,"Lampion,42cm,0 Boxes,0 Stems Per Box","Lampion,42cm,0 Boxes,0 Stems Per Box",,B,4010,5010,1510,5040,1530,0,0,0,0,0,0,0,0,0,0,S,0,1,10/27/2020,10/27/2020,
HFFL50,1,1,"Lampion,52cm,0 Boxes,0 Stems Per Box","Lampion,52cm,0 Boxes,0 Stems Per Box",,B,4010,5010,1510,5040,1530,0,0,0,0,0,0,0,0,0,0,S,0,1,10/27/2020,10/27/2020,
HFFL53,1,1,"Madam Cerice,42cm,0 Boxes,0 Stems Per Box","Madam Cerice,42cm,0 Boxes,0 Stems Per Box",,B,4010,5010,1510,5040,1530,0,0,0,0,0,0,0,0,0,0,S,0,1,10/27/2020,10/27/2020,
HFFL54,1,1,"Madam Cerice,52cm,0 Boxes,0 Stems Per Box","Madam Cerice,52cm,0 Boxes,0 Stems Per Box",,B,4010,5010,1510,5040,1530,0,0,0,0,0,0,0,0,0,0,S,0,1,10/27/2020,10/27/2020,
HFFL55,1,1,"Madam Cerice,62cm,0 Boxes,0 Stems Per Box","Madam Cerice,62cm,0 Boxes,0 Stems Per Box",,B,4010,5010,1510,5040,1530,0,0,0,0,0,0,0,0,0,0,S,0,1,10/27/2020,10/27/2020,
HFFL57,1,1,"Madam Red,42cm,0 Boxes,0 Stems Per Box","Madam Red,42cm,0 Boxes,0 Stems Per Box",,B,4010,5010,1510,5040,1530,0,0,0,0,0,0,0,0,0,0,S,0,1,10/27/2020,10/27/2020,
HFFL58,1,1,"Madam Red,52cm,0 Boxes,0 Stems Per Box","Madam Red,52cm,0 Boxes,0 Stems Per Box",,B,4010,5010,1510,5040,1530,0,0,0,0,0,0,0,0,0,0,S,0,1,10/27/2020,10/27/2020,
HFFL59,1,1,"Madam Red,62cm,0 Boxes,0 Stems Per Box","Madam Red,62cm,0 Boxes,0 Stems Per Box",,B,4010,5010,1510,5040,1530,0,0,0,0,0,0,0,0,0,0,S,0,1,10/27/2020,10/27/2020,
HFFL60,1,1,"Madam Red,72cm,0 Boxes,0 Stems Per Box","Madam Red,72cm,0 Boxes,0 Stems Per Box",,B,4010,5010,1510,5040,1530,0,0,0,0,0,0,0,0,0,0,S,0,1,10/27/2020,10/27/2020,
HFFL73,1,1,"Movie Star,42cm,0 Boxes,0 Stems Per Box","Movie Star,42cm,0 Boxes,0 Stems Per Box",,B,4010,5010,1510,5040,1530,0,0,0,0,0,0,0,0,0,0,S,0,1,10/27/2020,10/27/2020,
HFFL74,1,1,"Movie Star,52cm,0 Boxes,0 Stems Per Box","Movie Star,52cm,0 Boxes,0 Stems Per Box",,B,4010,5010,1510,5040,1530,0,0,0,0,0,0,0,0,0,0,S,0,1,10/27/2020,10/27/2020,
HFFL81,1,1,"Nightingale,42cm,0 Boxes,0 Stems Per Box","Nightingale,42cm,0 Boxes,0 Stems Per Box",,B,4010,5010,1510,5040,1530,0,0,0,0,0,0,0,0,0,0,S,0,1,10/27/2020,10/27/2020,
HFFL82,1,1,"Nightingale,52cm,0 Boxes,0 Stems Per Box","Nightingale,52cm,0 Boxes,0 Stems Per Box",,B,4010,5010,1510,5040,1530,0,0,0,0,0,0,0,0,0,0,S,0,1,10/27/2020,10/27/2020,
HFFL89,1,1,"Revival,42cm,0 Boxes,0 Stems Per Box","Revival,42cm,0 Boxes,0 Stems Per Box",,B,4010,5010,1510,5040,1530,0,0,0,0,0,0,0,0,0,0,S,0,1,10/27/2020,10/27/2020,
HFFLO01,1,1,"Athena,42cm,0 Boxes,0 Stems Per Box","Athena,42cm,0 Boxes,0 Stems Per Box",,B,4010,5010,1510,5040,1530,0,0,0,0,0,0,0,0,0,0,S,0,1,10/27/2020,10/27/2020,
HFFLO02,1,1,"Athena,52cm,0 Boxes,0 Stems Per Box","Athena,52cm,0 Boxes,0 Stems Per Box",,B,4010,5010,1510,5040,1530,0,0,0,0,0,0,0,0,0,0,S,0,1,10/27/2020,10/27/2020,
HFFLO03,1,1,"Athena,62cm,0 Boxes,0 Stems Per Box","Athena,62cm,0 Boxes,0 Stems Per Box",,B,4010,5010,1510,5040,1530,0,0,0,0,0,0,0,0,0,0,S,0,1,10/27/2020,10/27/2020,
HFFLO04,1,1,"Athena,72cm,0 Boxes,0 Stems Per Box","Athena,72cm,0 Boxes,0 Stems Per Box",,B,4010,5010,1510,5040,1530,0,0,0,0,0,0,0,0,0,0,S,0,1,10/27/2020,10/27/2020,
HFFLO05,1,1,"Bellerose,42cm,0 Boxes,0 Stems Per Box","Bellerose,42cm,0 Boxes,0 Stems Per Box",,B,4010,5010,1510,5040,1530,0,0,0,0,0,0,0,0,0,0,S,0,1,10/27/2020,10/27/2020,
HFFLO06,1,1,"Bellerose,52cm,0 Boxes,0 Stems Per Box","Bellerose,52cm,0 Boxes,0 Stems Per Box",,B,4010,5010,1510,5040,1530,0,0,0,0,0,0,0,0,0,0,S,0,1,10/27/2020,10/27/2020,
HFFLO07,1,1,"Bellerose,62cm,0 Boxes,0 Stems Per Box","Bellerose,62cm,0 Boxes,0 Stems Per Box",,B,4010,5010,1510,5040,1530,0,0,0,0,0,0,0,0,0,0,S,0,1,10/27/2020,10/27/2020,
HFFLO08,1,1,"Bellerose,72cm,0 Boxes,0 Stems Per Box","Bellerose,72cm,0 Boxes,0 Stems Per Box",,B,4010,5010,1510,5040,1530,0,0,0,0,0,0,0,0,0,0,S,0,1,10/27/2020,10/27/2020,
HFFLO09,1,1,"Carise,42cm,0 Boxes,0 Stems Per Box","Carise,42cm,0 Boxes,0 Stems Per Box",,B,4010,5010,1510,5040,1530,0,0,0,0,0,0,0,0,0,0,S,0,1,10/27/2020,10/27/2020,
HFFLO10,1,1,"Carise,52cm,0 Boxes,0 Stems Per Box","Carise,52cm,0 Boxes,0 Stems Per Box",,B,4010,5010,1510,5040,1530,0,0,0,0,0,0,0,0,0,0,S,0,1,10/27/2020,10/27/2020,
HFFLO100,1,1,"Sunny Confidential,72cm,0 Boxes,0 Stems Per Box","Sunny Confidential,72cm,0 Boxes,0 Stems Per Box",,B,4010,5010,1510,5040,1530,0,0,0,0,0,0,0,0,0,0,S,0,1,10/27/2020,10/27/2020,
HFFLO101,1,1,"Top Gear,42cm,0 Boxes,0 Stems Per Box","Top Gear,42cm,0 Boxes,0 Stems Per Box",,B,4010,5010,1510,5040,1530,0,0,0,0,0,0,0,0,0,0,S,0,1,10/27/2020,10/27/2020,
HFFLO102,1,1,"Top Gear,52cm,0 Boxes,0 Stems Per Box","Top Gear,52cm,0 Boxes,0 Stems Per Box",,B,4010,5010,1510,5040,1530,0,0,0,0,0,0,0,0,0,0,S,0,1,10/27/2020,10/27/2020,
HFFLO103,1,1,"Top Gear,62cm,0 Boxes,0 Stems Per Box","Top Gear,62cm,0 Boxes,0 Stems Per Box",,B,4010,5010,1510,5040,1530,0,0,0,0,0,0,0,0,0,0,S,0,1,10/27/2020,10/27/2020,
HFFLO104,1,1,"Top Gear,72cm,0 Boxes,0 Stems Per Box","Top Gear,72cm,0 Boxes,0 Stems Per Box",,B,4010,5010,1510,5040,1530,0,0,0,0,0,0,0,0,0,0,S,0,1,10/27/2020,10/27/2020,
HFFLO11,1,1,"Carise,62cm,0 Boxes,0 Stems Per Box","Carise,62cm,0 Boxes,0 Stems Per Box",,B,4010,5010,1510,5040,1530,0,0,0,0,0,0,0,0,0,0,S,0,1,10/27/2020,10/27/2020,
HFFLO12,1,1,"Carise,72cm,0 Boxes,0 Stems Per Box","Carise,72cm,0 Boxes,0 Stems Per Box",,B,4010,5010,1510,5040,1530,0,0,0,0,0,0,0,0,0,0,S,0,1,10/27/2020,10/27/2020,
HFFLO13,1,1,"Carodanal,42cm,0 Boxes,0 Stems Per Box","Carodanal,42cm,0 Boxes,0 Stems Per Box",,B,4010,5010,1510,5040,1530,0,0,0,0,0,0,0,0,0,0,S,0,1,10/27/2020,10/27/2020,
HFFLO14,1,1,"Carodanal,52cm,0 Boxes,0 Stems Per Box","Carodanal,52cm,0 Boxes,0 Stems Per Box",,B,4010,5010,1510,5040,1530,0,0,0,0,0,0,0,0,0,0,S,0,1,10/27/2020,10/27/2020,
HFFLO15,1,1,"Carodanal,62cm,0 Boxes,0 Stems Per Box","Carodanal,62cm,0 Boxes,0 Stems Per Box",,B,4010,5010,1510,5040,1530,0,0,0,0,0,0,0,0,0,0,S,0,1,10/27/2020,10/27/2020,
HFFLO16,1,1,"Carodanal,72cm,0 Boxes,0 Stems Per Box","Carodanal,72cm,0 Boxes,0 Stems Per Box",,B,4010,5010,1510,5040,1530,0,0,0,0,0,0,0,0,0,0,S,0,1,10/27/2020,10/27/2020,
HFFLO17,1,1,"Copa Cabana,42cm,0 Boxes,0 Stems Per Box","Copa Cabana,42cm,0 Boxes,0 Stems Per Box",,B,4010,5010,1510,5040,1530,0,0,0,0,0,0,0,0,0,0,S,0,1,10/27/2020,10/27/2020,
HFFLO18,1,1,"Copa Cabana,52cm,0 Boxes,0 Stems Per Box","Copa Cabana,52cm,0 Boxes,0 Stems Per Box",,B,4010,5010,1510,5040,1530,0,0,0,0,0,0,0,0,0,0,S,0,1,10/27/2020,10/27/2020,
HFFLO19,1,1,"Copa Cabana,62cm,0 Boxes,0 Stems Per Box","Copa Cabana,62cm,0 Boxes,0 Stems Per Box",,B,4010,5010,1510,5040,1530,0,0,0,0,0,0,0,0,0,0,S,0,1,10/27/2020,10/27/2020,
HFFLO20,1,1,"Copa Cabana,72cm,0 Boxes,0 Stems Per Box","Copa Cabana,72cm,0 Boxes,0 Stems Per Box",,B,4010,5010,1510,5040,1530,0,0,0,0,0,0,0,0,0,0,S,0,1,10/27/2020,10/27/2020,
HFFLO21,1,1,"Event,42cm,0 Boxes,0 Stems Per Box","Event,42cm,0 Boxes,0 Stems Per Box",,B,4010,5010,1510,5040,1530,0,0,0,0,0,0,0,0,0,0,S,0,1,10/27/2020,10/27/2020,
HFFLO22,1,1,"Event,52cm,0 Boxes,0 Stems Per Box","Event,52cm,0 Boxes,0 Stems Per Box",,B,4010,5010,1510,5040,1530,0,0,0,0,0,0,0,0,0,0,S,0,1,10/27/2020,10/27/2020,
HFFLO23,1,1,"Event,62cm,0 Boxes,0 Stems Per Box","Event,62cm,0 Boxes,0 Stems Per Box",,B,4010,5010,1510,5040,1530,0,0,0,0,0,0,0,0,0,0,S,0,1,10/27/2020,10/27/2020,
HFFLO24,1,1,"Event,72cm,0 Boxes,0 Stems Per Box","Event,72cm,0 Boxes,0 Stems Per Box",,B,4010,5010,1510,5040,1530,0,0,0,0,0,0,0,0,0,0,S,0,1,10/27/2020,10/27/2020,
HFFLO25,1,1,"Golden Tower,42cm,0 Boxes,0 Stems Per Box","Golden Tower,42cm,0 Boxes,0 Stems Per Box",,B,4010,5010,1510,5040,1530,0,0,0,0,0,0,0,0,0,0,S,0,1,10/27/2020,10/27/2020,
HFFLO26,1,1,"Golden Tower,52cm,0 Boxes,0 Stems Per Box","Golden Tower,52cm,0 Boxes,0 Stems Per Box",,B,4010,5010,1510,5040,1530,0,0,0,0,0,0,0,0,0,0,S,0,1,10/27/2020,10/27/2020,
HFFLO27,1,1,"Golden Tower,62cm,0 Boxes,0 Stems Per Box","Golden Tower,62cm,0 Boxes,0 Stems Per Box",,B,4010,5010,1510,5040,1530,0,0,0,0,0,0,0,0,0,0,S,0,1,10/27/2020,10/27/2020,
HFFLO28,1,1,"Golden Tower,72cm,0 Boxes,0 Stems Per Box","Golden Tower,72cm,0 Boxes,0 Stems Per Box",,B,4010,5010,1510,5040,1530,0,0,0,0,0,0,0,0,0,0,S,0,1,10/27/2020,10/27/2020,
HFFLO29,1,1,"High & Magic,42cm,0 Boxes,0 Stems Per Box","High & Magic,42cm,0 Boxes,0 Stems Per Box",,B,4010,5010,1510,5040,1530,0,0,0,0,0,0,0,0,0,0,S,0,1,10/27/2020,10/27/2020,
HFFLO30,1,1,"High & Magic,52cm,0 Boxes,0 Stems Per Box","High & Magic,52cm,0 Boxes,0 Stems Per Box",,B,4010,5010,1510,5040,1530,0,0,0,0,0,0,0,0,0,0,S,0,1,10/27/2020,10/27/2020,
HFFLO31,1,1,"High & Magic,62cm,0 Boxes,0 Stems Per Box","High & Magic,62cm,0 Boxes,0 Stems Per Box",,B,4010,5010,1510,5040,1530,0,0,0,0,0,0,0,0,0,0,S,0,1,10/27/2020,10/27/2020,
HFFLO32,1,1,"High & Magic,72cm,0 Boxes,0 Stems Per Box","High & Magic,72cm,0 Boxes,0 Stems Per Box",,B,4010,5010,1510,5040,1530,0,0,0,0,0,0,0,0,0,0,S,0,1,10/27/2020,10/27/2020,
HFFLO33,1,1,"James Bond,42cm,0 Boxes,0 Stems Per Box","James Bond,42cm,0 Boxes,0 Stems Per Box",,B,4010,5010,1510,5040,1530,0,0,0,0,0,0,0,0,0,0,S,0,1,10/27/2020,10/27/2020,
HFFLO34,1,1,"James Bond,52cm,0 Boxes,0 Stems Per Box","James Bond,52cm,0 Boxes,0 Stems Per Box",,B,4010,5010,1510,5040,1530,0,0,0,0,0,0,0,0,0,0,S,0,1,10/27/2020,10/27/2020,
HFFLO35,1,1,"James Bond,62cm,0 Boxes,0 Stems Per Box","James Bond,62cm,0 Boxes,0 Stems Per Box",,B,4010,5010,1510,5040,1530,0,0,0,0,0,0,0,0,0,0,S,0,1,10/27/2020,10/27/2020,
HFFLO36,1,1,"James Bond,72cm,0 Boxes,0 Stems Per Box","James Bond,72cm,0 Boxes,0 Stems Per Box",,B,4010,5010,1510,5040,1530,0,0,0,0,0,0,0,0,0,0,S,0,1,10/27/2020,10/27/2020,
HFFLO37,1,1,"Jumilla,42cm,0 Boxes,0 Stems Per Box","Jumilla,42cm,0 Boxes,0 Stems Per Box",,B,4010,5010,1510,5040,1530,0,0,0,0,0,0,0,0,0,0,S,0,1,10/27/2020,10/27/2020,
HFFLO38,1,1,"Jumilla,52cm,0 Boxes,0 Stems Per Box","Jumilla,52cm,0 Boxes,0 Stems Per Box",,B,4010,5010,1510,5040,1530,0,0,0,0,0,0,0,0,0,0,S,0,1,10/27/2020,10/27/2020,
HFFLO39,1,1,"Jumilla,62cm,0 Boxes,0 Stems Per Box","Jumilla,62cm,0 Boxes,0 Stems Per Box",,B,4010,5010,1510,5040,1530,0,0,0,0,0,0,0,0,0,0,S,0,1,10/27/2020,10/27/2020,
HFFLO40,1,1,"Jumilla,72cm,0 Boxes,0 Stems Per Box","Jumilla,72cm,0 Boxes,0 Stems Per Box",,B,4010,5010,1510,5040,1530,0,0,0,0,0,0,0,0,0,0,S,0,1,10/27/2020,10/27/2020,
HFFLO41,1,1,"Kingsday,42cm,0 Boxes,0 Stems Per Box","Kingsday,42cm,0 Boxes,0 Stems Per Box",,B,4010,5010,1510,5040,1530,0,0,0,0,0,0,0,0,0,0,S,0,1,10/27/2020,10/27/2020,
HFFLO42,1,1,"Kingsday,52cm,0 Boxes,0 Stems Per Box","Kingsday,52cm,0 Boxes,0 Stems Per Box",,B,4010,5010,1510,5040,1530,0,0,0,0,0,0,0,0,0,0,S,0,1,10/27/2020,10/27/2020,
HFFLO43,1,1,"Kingsday,62cm,0 Boxes,0 Stems Per Box","Kingsday,62cm,0 Boxes,0 Stems Per Box",,B,4010,5010,1510,5040,1530,0,0,0,0,0,0,0,0,0,0,S,0,1,10/27/2020,10/27/2020,
HFFLO44,1,1,"Kingsday,72cm,0 Boxes,0 Stems Per Box","Kingsday,72cm,0 Boxes,0 Stems Per Box",,B,4010,5010,1510,5040,1530,0,0,0,0,0,0,0,0,0,0,S,0,1,10/27/2020,10/27/2020,
HFFLO45,1,1,"Labelle,42cm,0 Boxes,0 Stems Per Box","Labelle,42cm,0 Boxes,0 Stems Per Box",,B,4010,5010,1510,5040,1530,0,0,0,0,0,0,0,0,0,0,S,0,1,10/27/2020,10/27/2020,
HFFLO46,1,1,"Labelle,52cm,0 Boxes,0 Stems Per Box","Labelle,52cm,0 Boxes,0 Stems Per Box",,B,4010,5010,1510,5040,1530,0,0,0,0,0,0,0,0,0,0,S,0,1,10/27/2020,10/27/2020,
HFFLO47,1,1,"Labelle,62cm,0 Boxes,0 Stems Per Box","Labelle,62cm,0 Boxes,0 Stems Per Box",,B,4010,5010,1510,5040,1530,0,0,0,0,0,0,0,0,0,0,S,0,1,10/27/2020,10/27/2020,
HFFLO48,1,1,"Labelle,72cm,0 Boxes,0 Stems Per Box","Labelle,72cm,0 Boxes,0 Stems Per Box",,B,4010,5010,1510,5040,1530,0,0,0,0,0,0,0,0,0,0,S,0,1,10/27/2020,10/27/2020,
HFFLO49,1,1,"Lampion,42cm,0 Boxes,0 Stems Per Box","Lampion,42cm,0 Boxes,0 Stems Per Box",,B,4010,5010,1510,5040,1530,0,0,0,0,0,0,0,0,0,0,S,0,1,10/27/2020,10/27/2020,
HFFLO50,1,1,"Lampion,52cm,0 Boxes,0 Stems Per Box","Lampion,52cm,0 Boxes,0 Stems Per Box",,B,4010,5010,1510,5040,1530,0,0,0,0,0,0,0,0,0,0,S,0,1,10/27/2020,10/27/2020,
HFFLO51,1,1,"Lampion,62cm,0 Boxes,0 Stems Per Box","Lampion,62cm,0 Boxes,0 Stems Per Box",,B,4010,5010,1510,5040,1530,0,0,0,0,0,0,0,0,0,0,S,0,1,10/27/2020,10/27/2020,
HFFLO52,1,1,"Lampion,72cm,0 Boxes,0 Stems Per Box","Lampion,72cm,0 Boxes,0 Stems Per Box",,B,4010,5010,1510,5040,1530,0,0,0,0,0,0,0,0,0,0,S,0,1,10/27/2020,10/27/2020,
HFFLO53,1,1,"Madam Cerice,42cm,0 Boxes,0 Stems Per Box","Madam Cerice,42cm,0 Boxes,0 Stems Per Box",,B,4010,5010,1510,5040,1530,0,0,0,0,0,0,0,0,0,0,S,0,1,10/27/2020,10/27/2020,
HFFLO54,1,1,"Madam Cerice,52cm,0 Boxes,0 Stems Per Box","Madam Cerice,52cm,0 Boxes,0 Stems Per Box",,B,4010,5010,1510,5040,1530,0,0,0,0,0,0,0,0,0,0,S,0,1,10/27/2020,10/27/2020,
HFFLO55,1,1,"Madam Cerice,62cm,0 Boxes,0 Stems Per Box","Madam Cerice,62cm,0 Boxes,0 Stems Per Box",,B,4010,5010,1510,5040,1530,0,0,0,0,0,0,0,0,0,0,S,0,1,10/27/2020,10/27/2020,
HFFLO56,1,1,"Madam Cerice,72cm,0 Boxes,0 Stems Per Box","Madam Cerice,72cm,0 Boxes,0 Stems Per Box",,B,4010,5010,1510,5040,1530,0,0,0,0,0,0,0,0,0,0,S,0,1,10/27/2020,10/27/2020,
HFFLO57,1,1,"Madam Red,42cm,0 Boxes,0 Stems Per Box","Madam Red,42cm,0 Boxes,0 Stems Per Box",,B,4010,5010,1510,5040,1530,0,0,0,0,0,0,0,0,0,0,S,0,1,10/27/2020,10/27/2020,
HFFLO58,1,1,"Madam Red,52cm,0 Boxes,0 Stems Per Box","Madam Red,52cm,0 Boxes,0 Stems Per Box",,B,4010,5010,1510,5040,1530,0,0,0,0,0,0,0,0,0,0,S,0,1,10/27/2020,10/27/2020,
HFFLO59,1,1,"Madam Red,62cm,0 Boxes,0 Stems Per Box","Madam Red,62cm,0 Boxes,0 Stems Per Box",,B,4010,5010,1510,5040,1530,0,0,0,0,0,0,0,0,0,0,S,0,1,10/27/2020,10/27/2020,
HFFLO60,1,1,"Madam Red,72cm,0 Boxes,0 Stems Per Box","Madam Red,72cm,0 Boxes,0 Stems Per Box",,B,4010,5010,1510,5040,1530,0,0,0,0,0,0,0,0,0,0,S,0,1,10/27/2020,10/27/2020,
HFFLO61,1,1,"Mixed Bouquet,42cm,0 Boxes,0 Stems Per Box","Mixed Bouquet,42cm,0 Boxes,0 Stems Per Box",,B,4010,5010,1510,5040,1530,0,0,0,0,0,0,0,0,0,0,S,0,1,10/27/2020,10/27/2020,
HFFLO62,1,1,"Mixed Bouquet,52cm,0 Boxes,0 Stems Per Box","Mixed Bouquet,52cm,0 Boxes,0 Stems Per Box",,B,4010,5010,1510,5040,1530,0,0,0,0,0,0,0,0,0,0,S,0,1,10/27/2020,10/27/2020,
HFFLO63,1,1,"Mixed Bouquet,62cm,0 Boxes,0 Stems Per Box","Mixed Bouquet,62cm,0 Boxes,0 Stems Per Box",,B,4010,5010,1510,5040,1530,0,0,0,0,0,0,0,0,0,0,S,0,1,10/27/2020,10/27/2020,
HFFLO64,1,1,"Mixed Bouquet,72cm,0 Boxes,0 Stems Per Box","Mixed Bouquet,72cm,0 Boxes,0 Stems Per Box",,B,4010,5010,1510,5040,1530,0,0,0,0,0,0,0,0,0,0,S,0,1,10/27/2020,10/27/2020,
HFFLO65,1,1,"Mixed Varieties,42cm,0 Boxes,0 Stems Per Box","Mixed Varieties,42cm,0 Boxes,0 Stems Per Box",,B,4010,5010,1510,5040,1530,0,0,0,0,0,0,0,0,0,0,S,0,1,10/27/2020,10/27/2020,
HFFLO66,1,1,"Mixed Varieties,52cm,0 Boxes,0 Stems Per Box","Mixed Varieties,52cm,0 Boxes,0 Stems Per Box",,B,4010,5010,1510,5040,1530,0,0,0,0,0,0,0,0,0,0,S,0,1,10/27/2020,10/27/2020,
HFFLO67,1,1,"Mixed Varieties,62cm,0 Boxes,0 Stems Per Box","Mixed Varieties,62cm,0 Boxes,0 Stems Per Box",,B,4010,5010,1510,5040,1530,0,0,0,0,0,0,0,0,0,0,S,0,1,10/27/2020,10/27/2020,
HFFLO68,1,1,"Mixed Varieties,72cm,0 Boxes,0 Stems Per Box","Mixed Varieties,72cm,0 Boxes,0 Stems Per Box",,B,4010,5010,1510,5040,1530,0,0,0,0,0,0,0,0,0,0,S,0,1,10/27/2020,10/27/2020,
HFFLO69,1,1,"Moonwalk,42cm,0 Boxes,0 Stems Per Box","Moonwalk,42cm,0 Boxes,0 Stems Per Box",,B,4010,5010,1510,5040,1530,0,0,0,0,0,0,0,0,0,0,S,0,1,10/27/2020,10/27/2020,
HFFLO70,1,1,"Moonwalk,52cm,0 Boxes,0 Stems Per Box","Moonwalk,52cm,0 Boxes,0 Stems Per Box",,B,4010,5010,1510,5040,1530,0,0,0,0,0,0,0,0,0,0,S,0,1,10/27/2020,10/27/2020,
HFFLO71,1,1,"Moonwalk,62cm,0 Boxes,0 Stems Per Box","Moonwalk,62cm,0 Boxes,0 Stems Per Box",,B,4010,5010,1510,5040,1530,0,0,0,0,0,0,0,0,0,0,S,0,1,10/27/2020,10/27/2020,
HFFLO72,1,1,"Moonwalk,72cm,0 Boxes,0 Stems Per Box","Moonwalk,72cm,0 Boxes,0 Stems Per Box",,B,4010,5010,1510,5040,1530,0,0,0,0,0,0,0,0,0,0,S,0,1,10/27/2020,10/27/2020,
HFFLO73,1,1,"Movie Star,42cm,0 Boxes,0 Stems Per Box","Movie Star,42cm,0 Boxes,0 Stems Per Box",,B,4010,5010,1510,5040,1530,0,0,0,0,0,0,0,0,0,0,S,0,1,10/27/2020,10/27/2020,
HFFLO74,1,1,"Movie Star,52cm,0 Boxes,0 Stems Per Box","Movie Star,52cm,0 Boxes,0 Stems Per Box",,B,4010,5010,1510,5040,1530,0,0,0,0,0,0,0,0,0,0,S,0,1,10/27/2020,10/27/2020,
HFFLO75,1,1,"Movie Star,62cm,0 Boxes,0 Stems Per Box","Movie Star,62cm,0 Boxes,0 Stems Per Box",,B,4010,5010,1510,5040,1530,0,0,0,0,0,0,0,0,0,0,S,0,1,10/27/2020,10/27/2020,
HFFLO76,1,1,"Movie Star,72cm,0 Boxes,0 Stems Per Box","Movie Star,72cm,0 Boxes,0 Stems Per Box",,B,4010,5010,1510,5040,1530,0,0,0,0,0,0,0,0,0,0,S,0,1,10/27/2020,10/27/2020,
HFFLO77,1,1,"Mult Red,42cm,0 Boxes,0 Stems Per Box","Mult Red,42cm,0 Boxes,0 Stems Per Box",,B,4010,5010,1510,5040,1530,0,0,0,0,0,0,0,0,0,0,S,0,1,10/27/2020,10/27/2020,
HFFLO78,1,1,"Mult Red,52cm,0 Boxes,0 Stems Per Box","Mult Red,52cm,0 Boxes,0 Stems Per Box",,B,4010,5010,1510,5040,1530,0,0,0,0,0,0,0,0,0,0,S,0,1,10/27/2020,10/27/2020,
HFFLO79,1,1,"Mult Red,62cm,0 Boxes,0 Stems Per Box","Mult Red,62cm,0 Boxes,0 Stems Per Box",,B,4010,5010,1510,5040,1530,0,0,0,0,0,0,0,0,0,0,S,0,1,10/27/2020,10/27/2020,
HFFLO80,1,1,"Mult Red,72cm,0 Boxes,0 Stems Per Box","Mult Red,72cm,0 Boxes,0 Stems Per Box",,B,4010,5010,1510,5040,1530,0,0,0,0,0,0,0,0,0,0,S,0,1,10/27/2020,10/27/2020,
HFFLO81,1,1,"Nightingale,42cm,0 Boxes,0 Stems Per Box","Nightingale,42cm,0 Boxes,0 Stems Per Box",,B,4010,5010,1510,5040,1530,0,0,0,0,0,0,0,0,0,0,S,0,1,10/27/2020,10/27/2020,
HFFLO82,1,1,"Nightingale,52cm,0 Boxes,0 Stems Per Box","Nightingale,52cm,0 Boxes,0 Stems Per Box",,B,4010,5010,1510,5040,1530,0,0,0,0,0,0,0,0,0,0,S,0,1,10/27/2020,10/27/2020,
HFFLO83,1,1,"Nightingale,62cm,0 Boxes,0 Stems Per Box","Nightingale,62cm,0 Boxes,0 Stems Per Box",,B,4010,5010,1510,5040,1530,0,0,0,0,0,0,0,0,0,0,S,0,1,10/27/2020,10/27/2020,
HFFLO84,1,1,"Nightingale,72cm,0 Boxes,0 Stems Per Box","Nightingale,72cm,0 Boxes,0 Stems Per Box",,B,4010,5010,1510,5040,1530,0,0,0,0,0,0,0,0,0,0,S,0,1,10/27/2020,10/27/2020,
HFFLO85,1,1,"Previda,42cm,0 Boxes,0 Stems Per Box","Previda,42cm,0 Boxes,0 Stems Per Box",,B,4010,5010,1510,5040,1530,0,0,0,0,0,0,0,0,0,0,S,0,1,10/27/2020,10/27/2020,
HFFLO86,1,1,"Previda,52cm,0 Boxes,0 Stems Per Box","Previda,52cm,0 Boxes,0 Stems Per Box",,B,4010,5010,1510,5040,1530,0,0,0,0,0,0,0,0,0,0,S,0,1,10/27/2020,10/27/2020,
HFFLO87,1,1,"Previda,62cm,0 Boxes,0 Stems Per Box","Previda,62cm,0 Boxes,0 Stems Per Box",,B,4010,5010,1510,5040,1530,0,0,0,0,0,0,0,0,0,0,S,0,1,10/27/2020,10/27/2020,
HFFLO88,1,1,"Previda,72cm,0 Boxes,0 Stems Per Box","Previda,72cm,0 Boxes,0 Stems Per Box",,B,4010,5010,1510,5040,1530,0,0,0,0,0,0,0,0,0,0,S,0,1,10/27/2020,10/27/2020,
HFFLO89,1,1,"Revival,42cm,0 Boxes,0 Stems Per Box","Revival,42cm,0 Boxes,0 Stems Per Box",,B,4010,5010,1510,5040,1530,0,0,0,0,0,0,0,0,0,0,S,0,1,10/27/2020,10/27/2020,
HFFLO90,1,1,"Revival,52cm,0 Boxes,0 Stems Per Box","Revival,52cm,0 Boxes,0 Stems Per Box",,B,4010,5010,1510,5040,1530,0,0,0,0,0,0,0,0,0,0,S,0,1,10/27/2020,10/27/2020,
HFFLO91,1,1,"Revival,62cm,0 Boxes,0 Stems Per Box","Revival,62cm,0 Boxes,0 Stems Per Box",,B,4010,5010,1510,5040,1530,0,0,0,0,0,0,0,0,0,0,S,0,1,10/27/2020,10/27/2020,
HFFLO92,1,1,"Revival,72cm,0 Boxes,0 Stems Per Box","Revival,72cm,0 Boxes,0 Stems Per Box",,B,4010,5010,1510,5040,1530,0,0,0,0,0,0,0,0,0,0,S,0,1,10/27/2020,10/27/2020,
HFFLO93,1,1,"Rosa Mix,42cm,0 Boxes,0 Stems Per Box","Rosa Mix,42cm,0 Boxes,0 Stems Per Box",,B,4010,5010,1510,5040,1530,0,0,0,0,0,0,0,0,0,0,S,0,1,10/27/2020,10/27/2020,
HFFLO94,1,1,"Rosa Mix,52cm,0 Boxes,0 Stems Per Box","Rosa Mix,52cm,0 Boxes,0 Stems Per Box",,B,4010,5010,1510,5040,1530,0,0,0,0,0,0,0,0,0,0,S,0,1,10/27/2020,10/27/2020,
HFFLO95,1,1,"Rosa Mix,62cm,0 Boxes,0 Stems Per Box","Rosa Mix,62cm,0 Boxes,0 Stems Per Box",,B,4010,5010,1510,5040,1530,0,0,0,0,0,0,0,0,0,0,S,0,1,10/27/2020,10/27/2020,
HFFLO96,1,1,"Rosa Mix,72cm,0 Boxes,0 Stems Per Box","Rosa Mix,72cm,0 Boxes,0 Stems Per Box",,B,4010,5010,1510,5040,1530,0,0,0,0,0,0,0,0,0,0,S,0,1,10/27/2020,10/27/2020,
HFFLO97,1,1,"Sunny Confidential,42cm,0 Boxes,0 Stems Per Box","Sunny Confidential,42cm,0 Boxes,0 Stems Per Box",,B,4010,5010,1510,5040,1530,0,0,0,0,0,0,0,0,0,0,S,0,1,10/27/2020,10/27/2020,
HFFLO98,1,1,"Sunny Confidential,52cm,0 Boxes,0 Stems Per Box","Sunny Confidential,52cm,0 Boxes,0 Stems Per Box",,B,4010,5010,1510,5040,1530,0,0,0,0,0,0,0,0,0,0,S,0,1,10/27/2020,10/27/2020,
HFFLO99,1,1,"Sunny Confidential,62cm,0 Boxes,0 Stems Per Box","Sunny Confidential,62cm,0 Boxes,0 Stems Per Box",,B,4010,5010,1510,5040,1530,0,0,0,0,0,0,0,0,0,0,S,0,1,10/27/2020,10/27/2020,
HFOTHER001,1,1,Fuel,Fuel,,B,4010,5010,1510,5040,1530,0,0,0,0,0,0,0,0,0,0,S,0,1,10/27/2020,10/27/2020,
HFPM01,1,1,Flower Food,Flower Food,,B,4010,5010,1510,5040,1530,0,0,3.28,0,0,0,0,0,0,0,S,0,1,10/27/2020,10/27/2020,
HFPM02,1,1,Afri Label Florescent K09-Yellow,Afri Label Florescent K09-Yellow,,B,4010,5010,1510,5040,1530,0,0,0,0,0,0,0,0,0,0,S,0,1,10/27/2020,10/27/2020,
HFPM03,1,1,Afri Label Florescent K09-Green,Afri Label Florescent K09-Green,,B,4010,5010,1510,5040,1530,0,0,0,0,0,0,0,0,0,0,S,0,1,10/27/2020,10/27/2020,
HFPM04,1,1,Afri Label Florescent K09-Blue,Afri Label Florescent K09-Blue,,B,4010,5010,1510,5040,1530,0,0,0,0,0,0,0,0,0,0,S,0,1,10/27/2020,10/27/2020,
HFPM05,1,1,Afri Label Florescent K09-Orange,Afri Label Florescent K09-Orange,,B,4010,5010,1510,5040,1530,0,0,0,0,0,0,0,0,0,0,S,0,1,10/27/2020,10/27/2020,
HFPM06,1,1,Afri Label Florescent K09-Red,Afri Label Florescent K09-Red,,B,4010,5010,1510,5040,1530,0,0,0,0,0,0,0,0,0,0,S,0,1,10/27/2020,10/27/2020,
HFPM07,1,1,Pepeo Self Adhesive Label C09,Pepeo Self Adhesive Label C09,,B,4010,5010,1510,5040,1530,0,0,0,0,0,0,0,0,0,0,S,0,1,10/27/2020,10/27/2020,
HFPM08,1,1,Thermal Transfer Ribbon 110x300,Thermal Transfer Ribbon 110x300,,B,4010,5010,1510,5040,1530,0,0,3870,0,0,0,0,0,0,0,S,0,1,10/27/2020,10/27/2020,
HFPM09,1,1,Box Thermal Label Rolls,Box Thermal Label Rolls,,B,4010,5010,1510,5040,1530,0,0,0,0,0,0,0,0,0,0,S,0,1,10/27/2020,10/27/2020,
HFPM10,1,1,Heritage Soliq STD Boxes(Generic) Size 975x315x200,Heritage Soliq STD Boxes(Generic) Size 975x315x200,,B,4010,5010,1510,5040,1530,0,0,0,0,0,0,0,0,0,0,S,0,1,10/27/2020,10/27/2020,
HFPM11,1,1,Heritage Soliq STD Boxes(Generic) Size 990x330x200,Heritage Soliq STD Boxes(Generic) Size 990x330x200,,B,4010,5010,1510,5040,1530,0,0,0,0,0,0,0,0,0,0,S,0,1,10/27/2020,10/27/2020,
HFPM12,1,1,Bopp Plain 50x30x12,Bopp Plain 50x30x12,,B,4010,5010,1510,5040,1530,0,0,0,0,0,0,0,0,0,0,S,0,1,10/27/2020,10/27/2020,
HFPM13,1,1,Zein Box(100x39x25),Zein Box(100x39x25),,B,4010,5010,1510,5040,1530,0,0,0,0,0,0,0,0,0,0,S,0,1,10/27/2020,10/27/2020,
HFPM14,1,1,Brown SFK 6 (pcs),Brown SFK 6 (pcs),,B,4010,5010,1510,5040,1530,0,0,2,0,0,0,0,0,0,0,S,0,1,10/27/2020,10/27/2020,
HFPM15,1,1,Clear Sleeves 50x30x12,Clear Sleeves 50x30x12,,B,4010,5010,1510,5040,1530,0,0,2.34,0,0,0,0,0,0,0,S,0,1,10/27/2020,10/27/2020,
HFPM16,1,1,Clear Sleeves 60x30x12,Clear Sleeves 60x30x12,,B,4010,5010,1510,5040,1530,0,0,2.7,0,0,0,0,0,0,0,S,0,1,10/27/2020,10/27/2020,
HFPM17,1,1,Clear Sleeves 40x30x12,Clear Sleeves 40x30x12,,B,4010,5010,1510,5040,1530,0,0,1.9,0,0,0,0,0,0,0,S,0,1,10/27/2020,10/27/2020,
HFPM18,1,1,Standard Flower Boxes top and bottom,Standard Flower Boxes top and bottom,,B,4010,5010,1510,5040,1530,0,0,0,0,0,0,0,0,0,0,S,0,1,10/27/2020,10/27/2020,
HFPM19,1,1,Flight Colors,Flight Colors,,B,4010,5010,1510,5040,1530,0,0,0,0,0,0,0,0,0,0,S,0,1,10/27/2020,10/27/2020,
HFPM20,1,1,Heritage Sleeves 50x30x12,Heritage Sleeves 50x30x12,,B,4010,5010,1510,5040,1530,0,0,3.5,0,0,0,0,0,0,0,S,0,1,10/27/2020,10/27/2020,
HFPM21,1,1,Printed Heritage Sleeve 60x30x12,Printed Heritage Sleeve 60x30x12,,B,4010,5010,1510,5040,1530,0,0,4.5,0,0,0,0,0,0,0,S,0,1,10/27/2020,10/27/2020,
HFPM22,1,1,Printing Labels 4 Inch x 3 Inch,Printing Labels 4 Inch x 3 Inch,,B,4010,5010,1510,5040,1530,0,0,2300,0,0,0,0,0,0,0,S,0,1,10/27/2020,10/27/2020,
HFPM23,1,1,Plain Label 70*99,Plain Label 70*99,,B,4010,5010,1510,5040,1530,0,0,0,0,0,0,0,0,0,0,S,0,1,10/27/2020,10/27/2020,
HFPM24,1,1,Rubber Bands/Kg,Rubber Bands/Kg,,B,4010,5010,1510,5040,1530,0,0,380,0,0,0,0,0,0,0,S,0,1,10/27/2020,10/27/2020,
HFPM25,1,1,Truck Seals,Truck Seals,,B,4010,5010,1510,5040,1530,0,0,27,0,0,0,0,0,0,0,S,0,1,10/27/2020,10/27/2020,
HFPM26,1,1,Printed Standard Flower Boxes 5Ply Top and Bottom,Printed Standard Flower Boxes 5Ply Top and Bottom,,B,4010,5010,1510,5040,1530,0,0,1.5,0,0,0,0,0,0,0,S,0,1,10/27/2020,10/27/2020,
HFPM27,1,1,Strapping roll,Strapping roll,,B,4010,5010,1510,5040,1530,0,0,2520,0,0,0,0,0,0,0,S,0,1,10/27/2020,10/27/2020,
HFPM28,1,1,Thermal Roll,Thermal Roll,,B,4010,5010,1510,5040,1530,0,0,0,0,0,0,0,0,0,0,S,0,1,10/27/2020,10/27/2020,
HFPM29,1,1,White Flute Green Size 200,White Flute Green Size 200,,B,4010,5010,1510,5040,1530,0,0,0,0,0,0,0,0,0,0,S,0,1,10/27/2020,10/27/2020,
HFPM30,1,1,White SFK Size 6 (Pcs),White SFK Size 6 (Pcs),,B,4010,5010,1510,5040,1530,0,0,3.9,0,0,0,0,0,0,0,S,0,1,10/27/2020,10/27/2020,
HFPM31,1,1,ZIMBOX(Flower Flow) Box,ZIMBOX(Flower Flow) Box,,B,4010,5010,1510,5040,1530,0,0,0,0,0,0,0,0,0,0,S,0,1,10/27/2020,10/27/2020,
HFPM32,1,1,"Printed ZIM BOXES 100X39X25, 5Ply Top and Bottom","Printed ZIM BOXES 100X39X25, 5Ply Top and Bottom",,B,4010,5010,1510,5040,1530,0,0,2.4,0,0,0,0,0,0,0,S,0,1,10/27/2020,10/27/2020,
HFPM33,1,1,Heritage Flowers Soliq ZIM Bot size 985X375X245MM,Heritage Flowers Soliq ZIM Bot size 985X375X245MM,,B,4010,5010,1510,5040,1530,0,0,0,0,0,0,0,0,0,0,S,0,1,10/27/2020,10/27/2020,
HFPM34,1,1,Zim Boxes Size 100x39x25 Top 3Ply Bottom 5Ply,Zim Boxes Size 100x39x25 Top 3Ply Bottom 5Ply,,B,4010,5010,1510,5040,1530,0,0,2.5,0,0,0,0,0,0,0,S,0,1,10/27/2020,10/27/2020,
HFPM35,1,1,Heritage Flowers Soliq ZIM Tops size 1000x390x250,Heritage Flowers Soliq ZIM Tops size 1000x390x250,,B,4010,5010,1510,5040,1530,0,0,0,0,0,0,0,0,0,0,S,0,1,10/27/2020,10/27/2020,
HFPM36,1,1,Clear Tapes 12mm X 50mm,Clear Tapes 12mm X 50mm,,B,4010,5010,1510,5040,1530,0,0,12.5,0,0,0,0,0,0,0,S,0,1,10/27/2020,10/27/2020,
HFPM37,1,1,Clear Sleeves 70x30x12,Clear Sleeves 70x30x12,,B,4010,5010,1510,5040,1530,0,0,2.9,0,0,0,0,0,0,0,S,0,1,10/27/2020,10/27/2020,
HFPM38,1,1,Zim Box Top & Bottom 5 Ply White 2 Color Printed,"Top 5 Ply White 2 color Printed-101x47x20cm 
Bottom 5 Ply Brown-98.5x47.5x19.5cm",,B,4010,5010,1510,5040,1530,0,0,210,0,0,0,0,0,0,0,S,0,1,10/27/2020,10/27/2020,
HFPPE01,1,1,Red Dust Coats,Red Dust Coats,,B,4010,5010,1510,5040,1530,0,0,985,0,0,0,0,0,0,0,S,0,1,10/27/2020,10/27/2020,
HFPPE02,1,1,PVC Hand Gloves,PVC Hand Gloves,,B,4010,5010,1510,5040,1530,0,0,320,0,0,0,0,0,0,0,S,0,1,10/27/2020,10/27/2020,
HFPPE03,1,1,Cold Store/Pack house Gloves,Cold Store/Pack house Gloves,,B,4010,5010,1510,5040,1530,0,0,0,0,0,0,0,0,0,0,S,0,1,10/27/2020,10/27/2020,
HFPPE04,1,1,Spray Suits,Spray Suits,,B,4010,5010,1510,5040,1530,0,0,2850,0,0,0,0,0,0,0,S,0,1,10/27/2020,10/27/2020,
HFPPE05,1,1,Googles,Googles,,B,4010,5010,1510,5040,1530,0,0,250,0,0,0,0,0,0,0,S,0,1,10/27/2020,10/27/2020,
HFPPE06,1,1,Respiratory Catridges,Respiratory Catridges,,B,4010,5010,1510,5040,1530,0,0,3850,0,0,0,0,0,0,0,S,0,1,10/27/2020,10/27/2020,
HFPPE07,1,1,Leather Gloves,Leather Gloves,,B,4010,5010,1510,5040,1530,0,0,425,0,0,0,0,0,0,0,S,0,1,10/27/2020,10/27/2020,
HFPPE08,1,1,Dust Masks,Dust Masks,,B,4010,5010,1510,5040,1530,0,0,5,0,0,0,0,0,0,0,S,0,1,10/27/2020,10/27/2020,
HFSE001,1,1,Victoria Seeds,Victoria,,B,4010,5010,1510,5040,1530,0,0,4900,0,0,0,0,0,0,0,S,0,1,10/27/2020,10/27/2020,
HFSE002,1,1,Serenade Seeds,Serenade Seeds,,B,4010,5010,1510,5040,1530,0,0,6402,0,0,0,0,0,0,0,S,0,1,10/27/2020,10/27/2020,
HFSE003,1,1,Habanero Seeds,Habanero Seeds,,B,4010,5010,1510,5040,1530,0,0,6605,0,0,0,0,0,0,0,S,0,1,10/27/2020,10/27/2020,
HFST01,1,1,A5 Hard Cover 200 Pgs,A5 Hard Cover 200 Pgs,,B,4010,5010,1510,5040,1530,0,0,65,0,0,0,0,0,0,0,S,0,1,10/27/2020,10/27/2020,
HFST02,1,1,A6 Pocket Note Books,A6 Pocket Note Books,,B,4010,5010,1510,5040,1530,0,0,36,0,0,0,0,0,0,0,S,0,1,10/27/2020,10/27/2020,
HFST03,1,1,Canon BK GL 490 BK,Canon BK GL 490 BK,,B,4010,5010,1510,5040,1530,0,0,1800,0,0,0,0,0,0,0,S,0,1,10/27/2020,10/27/2020,
HFST04,1,1,Kangaroo Stapler DS-435,Kangaroo Stapler DS-435,,B,4010,5010,1510,5040,1530,0,0,0,0,0,0,0,0,0,0,S,0,1,10/27/2020,10/27/2020,
HFST05,1,1,Envelopes A5,Envelopes A5,,B,4010,5010,1510,5040,1530,0,0,3,0,0,0,0,0,0,0,S,0,1,10/27/2020,10/27/2020,
HFST06,1,1,Envelopes A4,Envelopes A4,,B,4010,5010,1510,5040,1530,0,0,4,0,0,0,0,0,0,0,S,0,1,10/27/2020,10/27/2020,
HFST07,1,1,Box File,Box File,,B,4010,5010,1510,5040,1530,0,0,150,0,0,0,0,0,0,0,S,0,1,10/27/2020,10/27/2020,
HFST08,1,1,Highlighter Pen,Highlighter Pen,,B,4010,5010,1510,5040,1530,0,0,72,0,0,0,0,0,0,0,S,0,1,10/27/2020,10/27/2020,
HFST09,1,1,Hp Ink Cartridge,Hp Ink Cartridge,,B,4010,5010,1510,5040,1530,0,0,0,0,0,0,0,0,0,0,S,0,1,10/27/2020,10/27/2020,
HFST10,1,1,HP Toner W200A,HP Toner W200A,,B,4010,5010,1510,5040,1530,0,0,0,0,0,0,0,0,0,0,S,0,1,10/27/2020,10/27/2020,
HFST11,1,1,Office Calculators,Office Calculators,,B,4010,5010,1510,5040,1530,0,0,0,0,0,0,0,0,0,0,S,0,1,10/27/2020,10/27/2020,
HFST12,1,1,Kangaroo Paper Punch,Kangaroo Paper Punch,,B,4010,5010,1510,5040,1530,0,0,250,0,0,0,0,0,0,0,S,0,1,10/27/2020,10/27/2020,
HFST13,1,1,Printing Papers,Printing Papers,,B,4010,5010,1510,5040,1530,0,0,0,0,0,0,0,0,0,0,S,0,1,10/27/2020,10/27/2020,
HFST14,1,1,2 Quire Book Counter,2 Quire Book Counter,,B,4010,5010,1510,5040,1530,0,0,0,0,0,0,0,0,0,0,S,0,1,10/27/2020,10/27/2020,
HFST15,1,1,Stapler HD 45,Stapler HD 45,,B,4010,5010,1510,5040,1530,0,0,0,0,0,0,0,0,0,0,S,0,1,10/27/2020,10/27/2020,
HFST16,1,1,Staple pins 24/6,Staple pins 24/6,,B,4010,5010,1510,5040,1530,0,0,117,0,0,0,0,0,0,0,S,0,1,10/27/2020,10/27/2020,
HFST17,1,1,Staple pins 73/12,Staple pins 73/12,,B,4010,5010,1510,5040,1530,0,0,1030,0,0,0,0,0,0,0,S,0,1,10/27/2020,10/27/2020,
HFST18,1,1,GRN Books,GRN Books,,B,4010,5010,1510,5040,1530,0,0,0,0,0,0,0,0,0,0,S,0,1,10/27/2020,10/27/2020,
HFST19,1,1,Permanent Mark Pens,Permanent Mark Pens,,B,4010,5010,1510,5040,1530,0,0,0,0,0,0,0,0,0,0,S,0,1,10/27/2020,10/27/2020,
HFST20,1,1,Biro Pens,Biro Pens,,B,4010,5010,1510,5040,1530,0,0,7,0,0,0,0,0,0,0,S,0,1,10/27/2020,10/27/2020,
HFST21,1,1,Stores Requisition Books,Stores Requisition Books,,B,4010,5010,1510,5040,1530,0,0,0,0,0,0,0,0,0,0,S,0,1,10/27/2020,10/27/2020,
Security Services,1,1,Security Services,Security Services,,B,4010,5010,1510,5040,1530,0,0,0,0,0,0,0,0,0,0,S,0,1,10/27/2020,10/27/2020,
Total Boxes,1,1,Total Boxes-,,,B,4010,5010,1510,5040,1530,0,0,0,0,0,0,0,0,0,0,S,0,1,10/27/2020,10/27/2020,
Total Stems,1,1,Total Stems-,,,B,4010,5010,1510,5040,1530,0,0,0,0,0,0,0,0,0,0,S,0,1,10/27/2020,10/27/2020,
XERO,1,1,XERO,XERO,,B,4010,5010,1510,5040,1530,0,0,0,0,0,0,0,0,0,0,S,0,1,10/27/2020,10/27/2020,
XX,1,1,NONE,"Madame Red 50cm,0 Boxes,0 Stems Per Box.",,B,4010,5010,1510,5040,1530,0,0,0,0,0,0,0,0,0,0,S,0,1,10/27/2020,10/27/2020,
XXX,1,1,None,"Madam Red 42cm,0 Boxes,0 Stems Per Box.",,B,4010,5010,1510,5040,1530,0,0,0,0,0,0,0,0,0,0,S,0,1,10/27/2020,10/27/2020,
XXX.,1,1,NONE,Splendid,,B,4010,5010,1510,5040,1530,0,0,1000,0,0,0,0,0,0,0,S,0,1,10/27/2020,10/27/2020,
XXX..,1,1,NONE,Flower Test,,B,4010,5010,1510,5040,1530,0,0,0,0,0,0,0,0,0,0,S,0,1,10/27/2020,10/27/2020,
XXXX,1,1,NONE,"Madame Red 60cm,0 Boxes,0 Stems Per Box.",,B,4010,5010,1510,5040,1530,0,0,0,0,0,0,0,0,0,0,S,0,1,10/27/2020,10/27/2020,
